domain_title,t,td,tavg,tx,tn,rh,rhavg,dd_val,ddavg_val,ddmax_val,ff_val,ffavg_val,ffmax_val,msl,mslavg,p,pavg,rr_val,snow,tp_1h_acc,tp_12h_acc,tp_24h_acc,tw,gSunRad,gSunRadavg,diffSunRad,diffSunRadavg,vis_val,t_5_cm,tavg_5_cm,tg_5_cm,tgavg_5_cm,tg_10_cm,tgavg_10_cm,tg_20_cm,tgavg_20_cm,tg_30_cm,tgavg_30_cm,tg_50_cm,tgavg_50_cm,hhs1_val,ns1_val,hhs2_val,ns2_val,hhs3_val,ns3_val,hhs4_val,ns4_val,rrHh,valid_UTC
BABNO POLJE,21.5,14.2,21.2,,,63,62,,,,,,,,,,,0,0,,0,,,,,,,,,,,,,,,,,,,,,,,,,,,,11.10.2023 10:10 UTC
NOVA GORICA BILJE,24.7,14.5,24.7,,,53,53,120,120,54,0.97,0.97,1.81,1022.5,1022.5,1016,1016,0,,,0,,,559,556,116,110,48,,,21,20.8,19.4,19.3,18.6,18.5,19,19,19.8,19.8,,0,,0,,0,,0,11.10.2023 10:10 UTC
BOHINJSKA CESNJICA,18.6,12.6,18.4,,,68,68,,,,,,,,,,,0,0,,0,,,,,,,,,,,,,,,,,,,,,,,,,,,,11.10.2023 10:10 UTC
BORST PRI GORENJI VASI,18.6,14.9,18.6,,,79,79,74,74,322,0.4,0.4,1.12,,,,,0,0,,0,,,566,562,92,92,,,,,,,,,,,,,,,,,,,,,,11.10.2023 10:10 UTC
BOVEC,20.4,12.8,19.8,20.4,19.5,62,60,195,199,197,0.8,0.7,2.3,1022.5,1022.8,971.9,972,0,,0,0,,,588,574,,,,,,16,15.8,15.7,15.7,,,16.2,16.2,,,,,,,,,,,11.10.2023 10:00 UTC
BREGINJ,20.8,13.3,20.4,,,62,63,,,,,,,,,,,0,0,,0,,,,,,,,,,,,,,,,,,,,,,,,,,,,11.10.2023 10:10 UTC
BUKOVSKI VRH,19.8,13.7,20.1,,,68,69,,,,,,,,,,,0,0,,0,,,,,,,,,,,,,,,,,,,,,,,,,,,,11.10.2023 10:10 UTC
CELJE-MEDLOG,19.8,12.8,19.8,20.3,19.4,64,67,274,248,239,1.1,0.9,2.1,1022.8,1022.9,994.6,994.7,0,,0,0,,,547,546,,,,,,15.7,15.5,15.9,15.9,,,16.4,16.5,,,,,,,,,,,11.10.2023 10:00 UTC
CERKNISKO JEZERO,19.8,11.8,19.8,,,60,64,,,,,,,,,,,0,0,,0,,,,,,,,,,,,,,,,,,,,,,,,,,,,11.10.2023 10:10 UTC
DAVCA,19.9,10.1,19.9,,,53,54,,,,,,,,,,,,,,,,,,,,,,,,,,,,,,,,,,,,,,,,,,11.10.2023 10:10 UTC
CRNOMELJ,20.9,14.4,20.3,21,19.6,66,70,5,47,107,0.5,0.5,1.7,1023.7,1023.7,1005.3,1005.3,0,,0,0,,,582,563,,,,,,17.8,17.7,17.8,17.7,,,18.5,18.5,,,,,,,,,,,11.10.2023 10:00 UTC
AJDOVSCINA - DOLENJE,25.4,15.4,24.8,25.4,23.7,54,57,92,151,141,0.3,0.2,1,,,,,0,,0,0,,,,,,,,,,,,,,,,,,,,,,,,,,,,11.10.2023 10:00 UTC
GACNIK,20.9,14.1,20.7,,,65,64,162,162,138,1.68,1.68,3.34,,,,,0,,,0,,,568,569,147,146,,,,19.5,19.4,16.5,16.4,16.3,16.3,16.8,16.8,17.7,17.7,,,,,,,,,11.10.2023 10:10 UTC
GODNJE,25.1,13,25.5,,,47,48,143,143,136,0.96,0.96,2.42,,,,,0,0,,0,,,593,591,123,124,,,,,,,,,,,,,,,,,,,,,,11.10.2023 10:10 UTC
GORNJI GRAD,19.9,12.2,19.8,,,61,62,,,,,,,,,,,0,,,0,,,,,,,,,,,,,,,,,,,,,,,,,,,,11.10.2023 10:10 UTC
HOČKO POHORJE,19.8,14,19.9,,,69,69,,,,,,,,,,,0,,,0,,,,,,,,,,,,,,,,,,,,,,,,,,,,11.10.2023 10:10 UTC
HRASTNIK,20.7,14.6,20.6,,,68,68,164,164,,0.76,0.76,2.19,,,,,0,,,0,,,554,537,,,,,,,,,,,,,,,,,,,,,,,,11.10.2023 10:10 UTC
IDRIJA - CISTILNA NAPRAVA,20.7,14.4,20.4,,,67,68,,,,,,,,,,,0,0,,0,,,,,,,,,,,,,,,,,,,,,,,,,,,,11.10.2023 10:10 UTC
ILIRSKA BISTRICA,19.4,12.3,19,19.5,18.2,64,72,43,62,17,0.9,0.6,1.4,,,,,0,,0,0,,,564,549,,,,,,16.3,16.2,16.2,16.2,,,16.7,16.7,,,,,,,,,,,11.10.2023 10:00 UTC
ISKRBA,19.7,14.9,19.4,,,74,72,69,69,112,0.85,0.85,2.44,,,,,0,0,,0,,,584,562,98,100,,,,,,,,,,,,,,,,,,,,,,11.10.2023 10:10 UTC
JERONIM,19.6,13.8,19.6,,,69,69,,,,,,,,,,,0,,,0,,,,,,,,,,,,,,,,,,,,,,,,,,,,11.10.2023 10:10 UTC
JERUZALEM,21.3,14.7,21.2,,,66,66,,,,,,,,,,,0,0,,0,,,,,,,,,,,,,,,,,,,,,,,,,,,,11.10.2023 10:10 UTC
JEZERSKO,20.4,7.4,19.9,,,43,46,,,,,,,,,,,0,0,,0,,,,,,,,,,,,,,,,,,,,,,,,,,,,11.10.2023 10:10 UTC
KAMNISKA BISTRICA,16.5,13.2,16.4,,,81,80,,,,,,,,,,,0,0,,0,,,,,,,,,,,,,,,,,,,,,,,,,,,,11.10.2023 10:10 UTC
KANIN,11.1,3.4,11.1,,,59,58,165,165,189,1.43,1.43,2.98,,,,,0,0,,0,,,611,609,72,71,,,,,,,,,,,,,,,,,,,,,,11.10.2023 10:10 UTC
KOCEVJE,16.4,14.1,16.4,,,86,87,326,326,333,1.62,1.62,3.88,,,,,0,0,,0,,,,,,,,,,,,,,,,,,,,,,,,,,,,11.10.2023 10:10 UTC
KOPER - KAPETANIJA,22.7,18.1,22.7,22.8,22.6,76,78,273,275,271,2.3,2.1,3.2,1022.7,1022.7,1022.3,1022.3,,,,,,23.2,600,582,,,,,,,,,,,,,,,,,,,,,,,,11.10.2023 10:00 UTC
KORENSKO SEDLO,17.2,10.8,17,,,66,66,,,,,,,,,,,0,0,,0,,,,,,,,,,,,,,,,,,,,,,,,,,,,11.10.2023 10:10 UTC
GORICKO KRAJINSKI PARK,16.9,12.7,16.5,17.2,15.9,76,79,156,162,171,4.2,4.2,5.6,,,,,0,,0,0,,,594,577,,,,,,,,,,,,,,,,,,,,,,,,11.10.2023 10:00 UTC
KRANJ,18.1,12.8,18,,,71,71,,,,,,,,,,,0,0,,0,,,,,,,,,,,,,,,,,,,,,,,,,,,,11.10.2023 10:10 UTC
KREDARICA,9.8,-3.1,9.8,,,40,39,273,273,249,7.07,7.07,11.9,,,760.1,760.1,0,,,0,,,660,656,79,78,,,,,,,,,,,,,,,,,,,,,,11.10.2023 10:10 UTC
KRN,21.9,11.6,21.4,,,52,53,,,,,,,,,,,0,,,0,,,,,,,,,,,,,,,,,,,,,,,,,,,,11.10.2023 10:10 UTC
KRVAVEC,14.1,0,14.3,,,38,39,275,275,291,4.1,4.1,6.85,,,,,0,0,,0,,,657,649,86,83,,,,,,,,,,,,,,,,,,,,,,11.10.2023 10:10 UTC
KUBED,24.8,15.7,24.5,,,57,56,,,,,,,,,,,0,,,0,,,,,,,,,,,,,,,,,,,,,,,,,,,,11.10.2023 10:10 UTC
KUM,17.5,9.9,17.5,,,61,60,186,186,195,2.92,2.92,4.96,,,,,0,0,,0,,,,,,,,,,,,,,,,,,,,,,,,,,,,11.10.2023 10:10 UTC
LENDAVA,20.8,14.4,19.9,20.9,19,67,71,163,152,138,1.2,1.2,3.7,1023,1023,1004.4,1004.4,0,,0,0,,,569,557,,,,,,,,,,,,,,,,,,,,,,,,11.10.2023 10:00 UTC
CERKLJE - LETALISCE,19.8,14.1,19.2,19.8,18.6,70,73,198,186,198,0.9,0.77,1.9,1023.7,1023.7,1004.7,1004.7,0,,0,0,,,570,568,,,24,,,0,0,0,0,,,19.5,19.1,,,,0,,0,,0,,0,11.10.2023 10:00 UTC
MARIBOR/SLIVNICA,21.9,13.3,21.2,21.9,20.4,58,62,185,187,174,4.2,3.6,6.1,1021.9,1022.1,991.4,991.5,0,,0,0,,,582,567,,,24,,,16.3,15.9,15.7,15.6,,,16.6,16.6,,,,0,,0,,0,,0,11.10.2023 10:00 UTC
LJUBLJANA/BRNIK,15.2,13.1,15.1,,,87,87,120,120,123,1.44,1.44,2.86,1024.1,1024.2,979.1,979.1,0,0,,0,,,370,457,362,386,,,,17.8,17.7,16.4,16.3,16.1,16.1,16.8,16.8,17.7,17.7,400,6.25,600,8.75,,0,,0,11.10.2023 10:10 UTC
LESCE,19.7,12.8,19.2,19.7,18.7,64,63,181,178,186,1.4,1,2.6,1022.5,1022.5,964.2,964.1,0,,0,0,,,579,578,,,,,,15.7,15.6,15.7,15.7,,,16.4,16.4,,,,,,,,,,,11.10.2023 10:00 UTC
PORTOROZ/SECOVLJE,23.3,19.1,24,24.7,23,78,71,306,301,298,3,2.2,3.8,1022.2,1022.2,1022,1022,0,,0,0,,,576,558,,,,,,21.1,20.8,20.5,20.4,,,20.7,20.7,,,,0,,0,,0,,0,11.10.2023 10:00 UTC
LISCA,18.1,13.2,18.2,,,73,74,192,192,205,4.25,4.25,7.17,,,916.6,916.6,0,0,,0,,,616,614,125,122,43,,,,,,,,,,,,,,0,,0,,0,,0,11.10.2023 10:10 UTC
LITIJA - GRBIN,16.5,14,16.4,,,85,86,,,,,,,,,,,0,0,,0,,,,,,,,,,,,,,,,,,,,,,,,,,,,11.10.2023 10:10 UTC
LJUBLJANA/BEZIGRAD,15.4,13.8,15.3,,,90,90,177,177,185,1.55,1.55,2.52,1024.4,1024.5,989.3,989.3,0,,,0,,,305,267,304,271,15,18.3,18.1,17.2,17.2,17.5,17.5,18.2,18.2,18.4,18.4,18.7,18.7,600,10,,0,,0,,0,11.10.2023 10:10 UTC
LOGARSKA DOLINA,16.8,10.4,16.6,,,66,67,,,,,,,,,,,0,0,,0,,,,,,,,,,,,,,,,,,,,,,,,,,,,11.10.2023 10:10 UTC
LOGATEC,17.8,14.5,17.3,,,81,85,,,,,,,,,,,0,0,,0,,,,,,,,,,,,,,,,,,,,,,,,,,,,11.10.2023 10:10 UTC
KOPER - LUKA,26,18.1,25.8,26,25.3,62,62,307,308,270,1.3,1.2,1.8,,,,,0,,0,0,,,,,,,,,,,,,,,,,,,,,,,,,,,,11.10.2023 10:00 UTC
MALKOVEC,19.1,14.8,18.7,19.2,18.1,76,78,238,252,246,0.7,0.8,1.6,1024,1024.1,977.7,977.7,0,,0,0,,,604,580,,,,,,,,,,,,,,,,,,,,,,,,11.10.2023 10:00 UTC
MARIBOR/VRBANSKI PLATO,21,13.9,20.7,,,64,66,139,139,123,2.26,2.26,3.27,,,,,0,0,,0,,,557,577,152,149,,,,21.3,21.1,16.6,16.5,15.2,15.1,15.8,15.8,16.8,16.8,,,,,,,,,11.10.2023 10:10 UTC
MARINCA VAS,19.2,14.5,19.1,,,74,76,,,,,,,,,,,0,0,,0,,,,,,,,,,,,,,,,,,,,,,,,,,,,11.10.2023 10:10 UTC
METLIKA,20.9,12.3,20.9,,,58,59,,,,,,,,,,,0,0,,0,,,,,,,,,,,,,,,,,,,,,,,,,,,,11.10.2023 10:10 UTC
MEŽICA,16.8,12.1,16.6,,,74,76,,,,,,,,,,,0,0,,0,,,,,,,,,,,,,,,,,,,,,,,,,,,,11.10.2023 10:10 UTC
MIKLAVz NA GORJANCIH,19.6,7.4,19.5,,,45,45,,,,,,,,,,,0,0,,0,,,,,,,,,,,,,,,,,,,,,,,,,,,,11.10.2023 10:10 UTC
MURSKA SOBOTA,19.6,14.2,19.4,,,71,72,118,118,132,1.75,1.75,3.57,1022.9,1022.9,1001,1001.1,0,0,,0,,,566,564,126,126,32,23.7,23.6,17.2,17.1,16.3,16.2,16.2,16.2,17,17,17.5,17.5,,0,,0,,0,,0,11.10.2023 10:10 UTC
NANOS,18.2,10.6,18.2,,,61,61,190,190,199,2.07,2.07,4.97,,,,,0,0,,0,,,617,616,102,100,,,,,,,,,,,,,,,,,,,,,,11.10.2023 10:10 UTC
NOVA GORICA,24.9,15,24.7,,,54,53,154,154,,0.67,0.67,1.62,,,,,0,,,0,,,,,,,,,,,,,,,,,,,,,,,,,,,,11.10.2023 10:10 UTC
NOVA VAS - BLOKE,20.3,11,20.2,,,55,58,,,,,,,,,,,0,0,,0,,,,,,,,,,,,,,,,,,,,,,,,,,,,11.10.2023 10:10 UTC
NOVO MESTO,20,15.2,19.5,,,74,75,306,306,328,1.29,1.29,2.71,1022.6,1022.7,997.8,997.8,0,0,,0,,,552,560,126,126,50,22.9,23.5,18.7,18.6,17.1,17.1,16.6,16.6,17,17,17.7,17.7,,0,,0,,0,,0,11.10.2023 10:10 UTC
OSILNICA,20.8,13.7,20.6,,,64,64,,,,,,,,,,,,0,,,,,,,,,,,,,,,,,,,,,,,,,,,,,,11.10.2023 10:10 UTC
OTLICA,19.9,10.9,20,,,56,55,212,212,208,1.74,1.74,2.85,,,,,0,,,0,,,579,575,,,,,,,,,,,,,,,,,,,,,,,,11.10.2023 10:10 UTC
SKOCJAN,23.9,14.9,23.3,23.9,22.6,57,61,98,103,90,0.9,1.1,2.7,1022.1,1022.2,974.4,974.4,0,,0,0,,,583,570,,,,,,,,,,,,,,,,,,,,,,,,11.10.2023 10:00 UTC
PASJA RAVAN,20.2,13.2,20.2,,,64,65,215,215,204,1.19,1.19,3.15,,,,,0,0,,0,,,,,,,,,,,,,,,,,,,,,,,,,,,,11.10.2023 10:10 UTC
PAVLICEVO SEDLO,17.5,3.8,17.2,,,40,46,,,,,,,,,,,0,0,,0,,,,,,,,,,,,,,,,,,,,,,,,,,,,11.10.2023 10:10 UTC
PIRAN-OCEAN. BOJA,21.9,16.8,21.8,22,21.7,73,73,254,268,252,1.9,1.6,2.4,,,,,,,,,,23,,,,,,,,,,,,,,,,,,,,,,,,,,11.10.2023 10:00 UTC
PLANINA POD GOLICO,19.1,11.2,18.9,,,60,61,,,,,,,,,,,0,0,,0,,,,,,,,,,,,,,,,,,,,,,,,,,,,11.10.2023 10:10 UTC
PODCETRTEK - ATOMSKE TOPLICE,19.1,14.6,18.3,19.2,17.5,75,79,146,214,258,0.7,1,2.1,1023.2,1023.2,999.5,999.5,0,,0,0,,,553,538,,,,,,,,,,,,,,,,,,,,,,,,11.10.2023 10:00 UTC
PODNANOS,24.4,16.1,24.2,,,60,61,333,333,343,1.17,1.17,2.06,,,,,0,,,0,,,,,,,,,,,,,,,,,,,,,,,,,,,,11.10.2023 10:10 UTC
POSTOJNA,21.4,13.8,21.3,,,62,61,6,6,15,0.85,0.85,1.5,1022.1,1022.1,961,961,0,0,,0,,,598,594,96,92,48,23.7,23.4,16.6,16.5,15.4,15.4,15.6,15.6,16.1,16.1,16.5,16.5,,0,,0,,0,,0,11.10.2023 10:10 UTC
PREDEL,19,6.2,18.6,,,43,45,,,,,,,,,,,0,,,0,,,,,,,,,,,,,,,,,,,,,,,,,,,,11.10.2023 10:10 UTC
PTUJ,23,15.3,22.7,,,62,60,172,172,149,2.24,2.24,5.73,,,,,0,0,,0,,,,,,,,,,,,,,,,,,,,,,,,,,,,11.10.2023 10:10 UTC
RADEGUNDA,19.4,12.2,18.8,,,63,64,,,,,,,,,,,0,,,0,,,,,,,,,,,,,,,,,,,,,,,,,,,,11.10.2023 10:10 UTC
RATECE,19.3,9.7,18.8,19.3,18.1,54,57,,,,,,,,,,,0,,0,0,,,581,566,,,,,,,,,,,,,,,,,,,,,,,,11.10.2023 10:00 UTC
RATITOVEC,15.7,5.3,15.4,,,50,49,239,239,238,6.45,6.45,8.91,,,,,0,,,0,,,,,,,,,,,,,,,,,,,,,,,,,,,,11.10.2023 10:10 UTC
RAVNE NA KOROSKEM,18.5,11.9,18.3,18.5,18.1,66,66,237,233,236,2.2,2.3,4.9,,,,,0,,0,0,,,560,556,,,,,,,,,,,,,,,,,,,,,,,,11.10.2023 10:00 UTC
ROGASKA SLATINA,20.8,15.6,20.5,,,72,71,142,142,91,0.74,0.74,1.92,,,,,0,0,,0,,,575,564,112,105,,,,,,,,,,,,,,,,,,,,,,11.10.2023 10:10 UTC
ROGLA,16.3,5.3,16.1,,,48,46,209,209,196,2.97,2.97,5.58,,,,,0,0,,0,,,616,628,113,118,,,,,,,,,,,,,,,,,,,,,,11.10.2023 10:10 UTC
RUDNO POLJE,19,4.4,19.1,,,38,38,165,165,151,2.4,2.4,5.09,,,,,0,0,,0,,,,,,,,,,,,,,,,,,,,,,,,,,,,11.10.2023 10:10 UTC
SEVNO,19.8,16.3,19.3,,,80,79,,,,,,,,,,,0,0,,0,,,,,,,,,,,,,,,,,,,,,,,,,,,,11.10.2023 10:10 UTC
SLOVENSKE KONJICE,24.3,12.3,24.4,,,47,48,,,,,,,,,,,0,,,0,,,,,,,,,,,,,,,,,,,,,,,,,,,,11.10.2023 10:10 UTC
TRIJE KRALJI NA POHORJU,18.5,9.8,18.4,,,57,55,,,,,,,,,,,0,0,,0,,,,,,,,,,,,,,,,,,,,,,,,,,,,11.10.2023 10:10 UTC
SVISCAKI,17.7,6.9,17.6,,,49,51,197,197,213,1.8,1.8,3.72,,,,,0,0,,0,,,,,,,,,,,,,,,,,,,,,,,,,,,,11.10.2023 10:10 UTC
SEBRELJSKI VRH,20.1,14.2,19.8,,,69,65,,,,,,,,,,,0,,,0,,,574,570,106,103,,,,,,,,,,,,,,,,,,,,,,11.10.2023 10:10 UTC
SLOVENJ GRADEC,19,12,18.8,,,64,65,274,274,286,1.52,1.52,2.28,,,,,0,0,,0,,,579,579,121,123,48,23.6,23.2,18.3,18.3,16.5,16.4,15.5,15.5,15.9,15.9,16.6,16.6,,0,,0,,0,,0,11.10.2023 10:10 UTC
TATRE,20.4,13.8,20.5,,,66,66,,,,,,,,,,,0,,,0,,,,,,,,,,,,,,,,,,,,,,,,,,,,11.10.2023 10:10 UTC
TOLMIN-VOLCE,20.6,14.7,20.4,,,69,69,111,111,99,1,1,1.66,,,,,0,0,,0,,,,,,,,,,,,,,,,,,,,,,,,,,,,11.10.2023 10:10 UTC
TOPOL,15.9,13.6,16,,,86,86,,,,,,,,,,,0,0,,0,,,607,603,109,108,,,,,,,,,,,,,,,,,,,,,,11.10.2023 10:10 UTC
TRBOVLJE,19.5,14.3,18.8,,,72,75,93,93,,0.72,0.72,1.52,,,,,,,,,,,,,,,,,,,,,,,,,,,,,,,,,,,,11.10.2023 10:10 UTC
TREBNJE,19.5,15.2,19.5,,,76,75,,,,,,,,,,,0,,,0,,,,,,,,,,,,,,,,,,,,,,,,,,,,11.10.2023 10:10 UTC
TROJANE-LIMOVCE,18,13.9,18,,,77,79,192,192,185,5.66,5.66,6.76,1022.4,1022.4,945.8,945.8,0,0,,0,,,554,542,108,107,44,,,,,,,,,,,,,,0,,0,,0,,0,11.10.2023 10:10 UTC
URSLJA GORA,15,5.8,15.2,,,54,53,201,201,205,4.46,4.46,7.16,,,,,0,0,,0,,,,,,,,,,,,,,,,,,,,,,,,,,,,11.10.2023 10:10 UTC
VEDRIJAN,24,14.4,23.9,,,55,54,,,,,,,,,,,0,,,0,,,566,563,116,116,,,,,,,,,,,,,,,,,,,,,,11.10.2023 10:10 UTC
VELENJE,22.4,13.2,22,,,56,57,,,,,,,,,,,0,,,0,,,,,,,,,,,,,,,,,,,,,,,,,,,,11.10.2023 10:10 UTC
VELIKE LASCE,19.5,14.5,19.3,,,73,74,335,335,334,1,1,2.49,,,,,0,0,,0,,,612,600,111,107,,,,,,,,,,,,,,,,,,,,,,11.10.2023 10:10 UTC
VOGEL,17.5,4.8,17.5,,,43,44,162,162,233,1.31,1.31,3.45,,,,,0,0,,0,,,632,625,101,98,,,,,,,,,,,,,,,,,,,,,,11.10.2023 10:10 UTC
VRHNIKA,17.5,14.8,17,,,84,85,55,55,104,1.24,1.24,2.41,,,,,0,0,,0,,,,,,,,,,,,,,,,,,,,,,,,,,,,11.10.2023 10:10 UTC
VRSIC,16.8,3.8,16.9,,,42,41,,,,,,,,,,,0,0,,0,,,711,703,201,190,,,,,,,,,,,,,,,,,,,,,,11.10.2023 10:10 UTC
ZADLOG,21,14.4,21.1,,,66,65,,,,,,,,,,,0,0,,0,,,,,,,,,,,,,,,,,,,,,,,,,,,,11.10.2023 10:10 UTC
ZELENICA,17.7,2.9,17.7,,,37,37,,,,,,,,,,,0,0,,0,,,617,615,82,81,,,,,,,,,,,,,,,,,,,,,,11.10.2023 10:10 UTC
ZGORNJA KAPLA,16.6,11.5,16.4,,,72,72,230,230,223,5.61,5.61,8.11,,,,,0,0,,0,,,545,514,106,115,,,,,,,,,,,,,,,,,,,,,,11.10.2023 10:10 UTC
ZGORNJA RADOVNA,,,,,,,,,,,,,,,,,,0,0,,0,,,,,,,,,,,,,,,,,,,,,,,,,,,,11.10.2023 10:10 UTC
ZGORNJA SORICA,20.9,11,20.8,,,53,53,,,,,,,,,,,,0,,,,,,,,,,,,,,,,,,,,,,,,,,,,,,11.10.2023 10:10 UTC
