Red,Green,Blue,Frequency
0,0,0,8947
161,179,132,53
255,255,255,18239
198,193,162,3
173,161,132,4046
144,138,132,2349
156,144,132,996
161,156,132,1702
179,168,127,2234
150,150,132,1571
179,179,132,1774
179,161,132,647
173,150,132,427
144,144,132,1850
214,206,189,7407
247,247,189,4927
239,230,189,7397
247,230,189,15667
255,230,189,2794
239,214,189,5310
214,214,189,6929
222,206,189,2749
247,214,189,1391
230,230,189,23069
255,247,189,11154
255,239,181,9699
206,206,189,6480
230,222,189,6849
206,197,189,5264
206,214,189,5608
230,247,181,6094
247,255,189,542
214,230,181,49174
206,230,189,18949
206,239,189,26960
197,230,189,31814
214,239,189,433
197,239,189,533
255,255,189,4190
197,206,189,1636
197,197,189,1440
144,168,132,2922
138,161,132,3976
150,168,132,51
161,161,132,4158
150,161,127,6236
144,161,132,2450
138,168,132,69
184,180,162,1
156,138,132,413
179,173,132,3439
168,161,132,1565
150,144,132,2573
168,150,132,1565
222,197,189,759
222,247,189,1269
144,173,127,101
156,173,132,184
184,184,162,1
206,247,181,703
197,214,189,905
161,173,127,1086
193,184,162,3
230,255,189,284
231,231,231,124
102,102,102,1441
120,120,120,6
171,171,171,2
249,249,249,7
198,198,162,1
207,207,207,10
205,205,205,9
183,183,183,2
112,112,112,4
172,172,172,8
209,209,209,3
247,247,247,10
199,199,199,16
135,135,135,4
108,108,108,18
124,124,124,5
187,187,187,8
253,253,253,14
208,208,208,11
132,132,132,15
109,109,109,29
137,137,137,9
223,223,223,13
230,230,230,4
144,144,144,7
111,111,111,13
115,115,115,10
157,157,157,9
241,241,241,14
169,169,169,4
117,117,117,7
156,156,156,3
134,134,134,4
173,173,132,1249
195,195,195,12
121,121,121,4
159,159,159,4
186,186,186,9
218,218,218,26
103,103,103,18
173,173,173,12
206,206,206,9
106,106,106,25
238,238,238,8
128,128,128,5768
133,133,133,19
142,142,142,7
168,168,168,9
198,198,198,5
204,204,204,4
252,252,252,11
189,189,189,5
198,189,159,1
225,225,225,3
143,143,143,7
254,254,254,28
196,196,196,2
123,123,123,6
148,148,148,20
210,210,210,11
232,232,232,7
234,234,234,11
245,245,245,13
211,211,211,7
193,193,193,2
226,226,226,3
145,145,145,2
114,114,114,13
153,153,153,2
216,216,216,13
118,118,118,10
127,127,127,5
217,217,217,9
147,147,147,6
130,130,130,6
222,222,222,9
214,214,214,2
215,215,215,1
110,110,110,2
202,202,202,8
192,192,192,2
197,197,197,8
163,163,163,3
240,240,240,5
242,242,242,6
228,228,228,13
229,229,229,2
250,250,250,6
113,113,113,8
194,194,194,2
162,162,162,6
151,151,151,4
161,161,161,1
201,201,201,3
116,116,116,1
185,185,185,2
184,184,184,6
174,174,174,13
129,129,129,3
200,200,200,3
138,138,138,6
140,140,140,3
122,122,122,1
182,182,182,3
167,167,167,3
155,155,155,2
246,246,246,7
243,243,243,15
219,219,219,10
154,154,154,5
189,176,162,2
233,233,233,1
178,178,178,2
220,220,220,6
160,160,160,5
158,158,158,1
139,139,139,8
166,166,166,3
237,237,237,3
227,227,227,5
105,105,105,7
191,191,191,3
171,167,162,2
239,255,189,250
173,179,132,154
239,239,239,1
136,136,136,3
244,244,244,11
180,180,180,2
125,125,125,2
177,177,177,2
213,213,213,2
221,221,221,1
190,190,190,3
224,224,224,10
131,131,131,5
180,171,162,1
119,119,119,1
126,126,126,4
150,150,150,5
235,235,235,9
248,248,248,2
251,251,251,2
188,188,188,1
170,170,170,5
203,203,203,2
149,149,149,1
141,141,141,1
189,184,162,1
224,218,205,2
218,218,205,3
218,211,205,1
144,150,132,1067
138,144,132,372
189,197,189,80
138,138,132,317
168,144,127,36
179,150,132,5
0,73,250,1175
239,206,181,125
0,108,236,1061
0,99,239,1057
0,90,243,1071
0,151,218,802
0,177,208,788
0,82,246,1056
0,186,188,1343
0,164,165,1224
0,192,193,1640
0,64,253,1169
0,169,211,791
0,143,222,889
0,195,201,724
0,194,195,1717
0,181,183,1203
0,177,180,1079
0,198,198,2120
0,184,186,1307
0,183,185,1241
0,160,156,1091
0,143,123,822
0,141,118,778
0,167,170,1335
0,196,196,1877
0,116,232,965
0,188,190,1412
138,150,132,154
0,133,90,1302
0,136,85,1170
0,131,99,701
0,179,181,1120
0,125,229,900
0,162,160,1160
0,132,93,1392
0,131,96,1340
0,137,83,1172
0,146,64,448
0,144,67,477
0,150,137,960
0,134,225,947
0,190,191,1573
0,175,178,1014
0,157,151,1073
0,136,109,710
0,139,77,1012
0,148,59,435
0,154,54,1106
0,142,72,1016
0,145,127,811
0,153,142,961
0,157,53,1090
0,147,62,468
0,134,88,1201
0,164,50,951
0,171,175,940
0,138,113,803
0,160,215,835
0,159,52,1038
0,167,49,804
0,173,176,946
0,162,51,992
0,186,204,736
0,138,80,1111
0,155,146,966
0,149,56,440
0,169,173,901
0,151,55,1180
0,143,69,545
0,148,132,801
0,134,104,713
0,141,75,982
0,170,48,418
138,173,132,7
161,138,132,5
230,197,189,14
255,214,189,26
0,196,36,513
0,178,45,419
0,180,44,399
0,193,38,562
0,208,27,173
0,198,34,440
0,175,46,416
0,172,47,409
0,188,41,376
0,185,42,393
0,203,31,382
181,197,230,711
189,206,214,16
189,189,239,256
206,255,189,25
189,197,214,76
197,214,206,100
189,206,181,26
197,247,189,51
0,183,43,380
0,191,40,373
0,201,33,400
0,216,22,148
0,226,15,108
0,211,25,184
0,223,16,130
0,218,20,175
0,206,29,213
1,233,11,199
0,221,18,151
0,228,13,126
189,189,255,88138
19,244,24,61
70,255,35,27
189,197,255,1390
197,206,214,85
197,197,230,118
197,230,206,71
197,197,255,33
197,206,230,74
206,230,206,13
0,213,24,174
0,231,11,109
15,241,21,51
8,237,16,124
3,234,12,200
12,240,19,65
28,250,30,59
57,255,35,27
24,247,27,60
6,236,14,129
30,251,32,54
84,255,35,44
111,255,34,38
98,255,34,30
10,238,17,154
21,246,25,34
43,255,36,38
35,254,35,37
26,249,29,34
17,243,22,61
33,253,34,30
248,255,30,12
255,253,27,23
125,255,34,24
139,255,33,40
152,255,33,34
255,243,16,24
207,255,31,14
255,235,7,9
234,255,31,11
255,205,0,24
255,189,0,23
255,232,3,16
255,254,29,22
255,173,0,24
255,210,0,23
166,255,32,24
255,242,14,24
180,255,32,24
255,221,0,41
255,223,0,39
193,255,32,13
255,234,5,27
255,250,23,8
255,208,0,22
255,180,0,31
255,213,0,28
255,251,25,36
255,226,0,57
255,237,8,30
255,246,20,13
221,255,31,9
255,245,18,25
255,229,0,36
255,197,0,21
206,214,214,14
255,239,10,20
197,214,230,16
255,218,0,40
255,160,0,20
255,162,0,16
255,169,0,24
255,96,0,6
255,114,0,14
255,185,0,23
255,216,0,22
255,182,0,19
255,240,12,19
189,206,239,4
255,187,0,19
255,176,0,23
255,202,0,28
255,195,0,24
255,200,0,21
255,248,22,33
255,171,0,21
255,167,0,21
255,192,0,22
255,147,0,19
255,231,1,18
255,164,0,19
255,178,0,21
255,155,0,15
255,150,0,22
255,136,0,17
252,77,0,5
246,42,0,2
255,103,0,8
251,67,0,13
237,14,5,1
255,128,0,19
255,92,0,2
255,153,0,17
255,139,0,15
255,158,0,19
255,107,0,4
255,99,0,3
255,125,0,18
248,52,0,12
251,72,0,3
255,143,0,16
255,121,0,12
189,214,214,1
249,57,0,1
247,47,0,12
253,82,0,2
214,230,206,9
255,118,0,16
255,132,0,13
255,110,0,12
206,239,206,5
189,189,206,153
197,197,214,71
250,62,0,11
214,255,189,27
197,189,239,5
206,214,230,1
240,15,2,11
206,206,214,6
189,214,181,5
197,181,189,3
206,206,230,7
214,239,206,1
197,189,255,1
168,179,132,66
230,230,214,2
239,230,206,1
206,197,230,4
222,214,214,1
214,230,230,1
206,230,230,1
132,138,132,7
243,22,0,1
138,144,161,10
132,132,179,2987
132,138,179,42
132,144,127,3
138,138,150,1
132,138,150,3
138,144,150,6
132,132,144,1
132,132,168,2
132,144,168,1
138,161,144,6
127,138,161,6
138,138,179,4
138,150,144,5
138,138,161,7
144,179,132,2
150,179,132,2
138,150,161,1
0,46,183,6
0,68,255,10
0,75,255,10
0,73,255,10
0,75,248,6
0,78,248,10
0,81,247,10
0,85,245,10
0,88,244,10
0,91,243,10
0,95,241,10
0,98,240,10
0,102,238,10
0,105,237,10
0,111,235,10
0,115,233,10
0,117,232,10
0,121,230,10
0,124,229,10
0,127,228,10
0,131,226,10
0,137,224,10
0,141,222,10
0,144,221,10
0,147,220,10
0,151,219,10
0,154,218,10
0,157,216,10
0,161,214,10
0,163,213,10
0,167,212,10
0,170,211,10
0,173,210,10
0,180,207,10
0,183,206,10
0,188,204,10
0,191,203,10
0,193,201,10
0,196,200,10
0,197,199,11
0,198,197,10
0,197,197,10
0,195,196,10
0,195,195,10
0,193,194,10
0,191,192,10
0,189,190,20
0,188,189,10
0,187,188,20
0,186,187,10
0,185,187,10
0,185,186,10
0,182,184,20
0,180,182,10
0,178,180,10
0,177,179,10
0,176,179,10
0,174,178,10
0,174,177,10
0,173,177,10
0,172,176,10
0,171,176,10
0,170,174,10
0,168,172,20
0,166,169,10
0,166,167,10
0,165,165,10
0,164,163,10
0,163,162,10
0,161,158,10
0,159,154,10
0,158,153,10
0,156,149,10
0,155,147,10
0,154,146,10
0,153,143,10
0,152,140,10
0,151,138,10
0,149,135,10
0,148,133,10
0,148,131,10
0,147,129,10
0,146,128,10
0,145,126,10
0,144,124,10
0,143,122,10
0,142,121,10
0,141,119,10
0,140,117,10
0,139,115,10
0,138,112,10
0,137,110,10
0,136,108,10
0,135,107,10
0,133,103,10
0,132,101,10
0,132,99,10
0,131,98,10
0,130,97,10
0,130,95,10
0,131,94,10
0,132,92,10
0,133,92,10
0,133,91,10
0,134,89,10
0,135,87,10
0,136,86,10
0,137,84,10
0,137,81,10
0,137,80,10
0,138,79,10
0,139,78,20
0,140,77,10
0,140,76,10
0,141,74,10
0,141,73,10
0,142,71,10
0,143,70,10
0,144,69,10
0,145,66,10
0,145,65,10
0,145,64,20
0,146,63,10
0,147,61,10
0,148,60,10
0,149,58,10
0,149,57,10
0,150,56,10
0,150,55,10
0,152,54,10
0,153,54,10
0,155,53,10
0,156,53,10
0,158,53,10
0,160,51,10
0,161,51,10
0,162,50,10
0,163,49,10
0,164,49,10
0,165,49,10
0,166,49,10
0,167,48,10
0,168,48,10
0,169,47,10
0,170,47,10
0,171,47,10
0,172,46,10
0,173,46,10
0,174,46,10
0,175,45,10
0,176,45,10
0,177,45,10
0,178,44,10
0,179,44,10
0,180,43,10
0,182,43,10
0,182,42,10
0,184,42,10
0,186,41,10
0,187,41,10
0,189,40,10
0,190,40,10
0,191,39,10
0,192,39,10
0,194,38,10
0,196,37,10
0,197,36,10
0,198,35,10
0,199,34,20
0,200,33,10
0,201,32,10
0,202,32,10
0,204,30,10
0,205,30,10
0,207,28,20
0,209,26,10
0,210,25,10
0,212,25,10
0,214,23,10
0,215,22,20
0,216,21,10
0,217,20,10
0,219,19,10
0,220,18,10
0,221,17,10
0,222,17,10
0,223,17,10
0,225,16,10
0,225,15,10
0,227,14,10
0,229,13,10
0,230,12,10
0,231,10,10
0,232,10,10
1,233,10,10
2,233,11,10
4,234,13,10
5,235,14,20
6,236,15,10
7,237,15,10
8,237,15,10
9,238,16,10
11,239,18,20
13,240,20,10
14,241,20,10
16,242,21,10
16,243,22,10
18,243,23,10
20,244,25,10
21,245,25,10
22,246,26,10
23,246,26,10
23,247,27,10
25,248,28,10
26,248,28,10
27,249,29,10
28,251,30,10
29,251,31,10
30,252,33,10
32,252,33,10
32,253,34,10
34,254,34,10
34,254,35,10
35,255,35,10
36,255,36,1
41,255,36,10
45,255,36,10
51,255,36,10
57,255,36,10
61,255,35,10
68,255,35,10
73,255,35,10
77,255,35,10
88,255,34,10
92,255,34,10
99,255,34,10
103,255,34,10
109,255,34,10
115,255,34,10
118,255,34,10
124,255,34,10
130,255,34,10
134,255,33,10
140,255,33,10
145,255,33,10
149,255,33,10
155,255,33,6
160,255,33,10
165,255,32,10
171,255,32,10
175,255,32,6
186,255,32,6
191,255,32,10
196,255,32,6
202,255,32,10
206,255,31,10
212,255,31,10
217,255,31,10
222,255,31,10
228,255,31,10
233,255,31,10
237,255,30,10
243,255,30,10
249,255,30,10
254,255,30,10
255,255,30,11
255,253,28,10
255,252,27,10
255,252,26,10
255,250,24,10
255,249,23,10
255,247,21,10
255,247,20,10
255,247,19,10
255,246,19,10
255,244,17,20
255,243,15,10
255,242,15,10
255,241,13,20
255,239,11,10
255,238,10,20
255,237,9,10
255,237,7,6
255,236,7,14
255,235,6,10
255,233,4,10
255,233,3,10
255,232,2,10
255,231,0,11
255,228,0,11
255,227,0,11
255,225,0,11
255,224,0,10
255,222,0,11
255,220,0,11
255,219,0,11
255,217,0,10
255,215,0,11
255,214,0,11
255,212,0,21
255,211,0,11
255,209,0,11
255,207,0,11
255,206,0,11
255,204,0,12
255,203,0,11
255,201,0,11
255,199,0,10
255,198,0,11
255,196,0,11
255,194,0,11
255,193,0,11
255,191,0,11
255,190,0,11
255,188,0,10
255,186,0,21
255,184,0,12
255,183,0,11
255,181,0,11
255,179,0,11
255,177,0,11
255,175,0,11
255,174,0,21
255,172,0,11
255,170,0,11
255,168,0,20
255,166,0,11
255,165,0,11
255,163,0,20
255,161,0,11
255,159,0,10
255,157,0,10
255,156,0,21
255,154,0,10
255,152,0,11
255,151,0,10
255,149,0,2
255,146,0,11
255,144,0,11
255,142,0,11
255,140,0,11
255,137,0,11
255,134,0,10
255,133,0,11
255,131,0,11
255,130,0,10
255,127,0,11
255,124,0,10
255,123,0,11
255,120,0,11
255,117,0,10
255,116,0,11
255,112,0,11
255,111,0,10
255,109,0,11
255,108,0,10
255,106,0,11
255,105,0,10
255,104,0,11
255,102,0,11
255,101,0,11
255,100,0,10
255,98,0,10
255,97,0,11
255,95,0,11
255,93,0,10
254,92,0,10
254,90,0,10
254,88,0,10
253,86,0,10
253,84,0,10
253,83,0,10
253,81,0,10
253,79,0,10
253,77,0,10
252,75,0,10
252,73,0,1
251,71,0,10
251,69,0,10
250,66,0,10
250,64,0,10
249,61,0,10
249,58,0,10
249,56,0,10
248,54,0,10
247,50,0,10
247,49,0,10
247,45,0,10
247,43,0,10
247,41,0,10
246,40,0,10
246,38,0,10
246,36,0,10
245,34,0,10
245,32,0,10
245,30,0,10
244,28,0,10
244,26,0,10
244,25,0,10
243,23,0,10
243,21,0,10
243,19,0,10
242,18,0,10
241,16,1,10
239,14,3,10
238,13,4,10
237,13,5,10
236,13,6,10
234,13,8,10
233,12,9,10
232,12,11,10
231,12,12,10
230,11,13,10
228,11,15,10
227,10,16,10
226,10,17,10
224,10,19,10
223,9,20,10
221,9,22,10
220,9,23,10
219,8,24,1
218,8,26,10
217,8,28,1
215,7,29,10
214,7,30,10
212,7,31,10
211,6,32,10
209,6,34,10
208,5,35,10
208,5,36,10
206,5,38,10
205,4,39,10
203,4,41,10
202,4,42,10
200,3,43,10
199,3,45,10
198,3,47,10
197,2,48,10
196,2,49,10
194,2,51,10
193,1,52,10
191,1,54,10
189,0,54,10
188,0,56,10
188,0,59,10
188,0,61,10
190,0,65,10
191,0,70,10
192,0,73,10
194,0,78,6
196,0,84,10
197,0,87,10
199,0,93,10
201,0,97,10
202,0,101,10
204,0,107,10
205,0,111,10
207,0,115,10
209,0,121,10
210,0,125,10
211,0,130,10
213,0,136,10
215,0,140,10
217,0,144,10
218,0,149,10
219,0,153,10
221,0,158,10
223,0,163,10
224,0,167,10
227,0,173,10
228,0,177,10
229,0,181,10
231,0,186,10
233,0,191,10
234,0,195,10
236,0,200,10
237,0,204,10
239,0,209,10
241,0,214,10
242,0,218,10
244,0,223,10
246,0,228,10
247,0,232,10
249,0,237,10
251,0,242,10
252,0,246,10
253,0,251,6
254,0,253,10
255,0,254,10
255,0,255,435
241,0,241,11
37,255,36,9
255,148,0,9
252,72,0,9
219,8,25,9
216,8,28,9
0,47,185,4
0,76,248,4
0,136,84,4
156,255,33,4
176,255,32,4
187,255,32,4
197,255,32,4
194,0,79,4
254,0,251,4
0,51,186,1
0,74,255,1
0,82,255,1
0,80,255,1
0,83,255,1
0,86,255,1
0,89,255,1
0,93,255,1
0,96,255,1
0,100,255,1
0,104,255,1
0,108,255,1
0,112,255,1
0,116,255,1
0,119,255,1
0,123,255,1
0,126,255,1
0,128,254,1
0,132,253,1
0,136,251,1
0,139,250,1
0,143,248,1
0,146,246,1
0,149,245,1
0,154,243,1
0,157,242,1
0,161,241,1
0,166,240,1
0,168,239,1
0,172,237,1
0,176,235,1
0,179,233,1
0,183,232,1
0,186,231,1
0,189,230,1
0,194,228,1
0,198,227,1
0,201,226,1
0,206,224,1
0,209,222,1
0,211,220,1
0,214,219,1
0,216,218,1
0,217,217,1
0,217,216,1
0,216,216,1
0,215,215,1
0,214,215,1
0,213,214,1
0,212,214,1
0,211,213,1
0,210,212,1
0,210,210,1
0,209,210,1
0,208,209,1
0,207,208,2
0,206,207,1
0,205,206,2
0,204,205,1
0,203,205,1
0,203,204,1
0,202,204,1
0,201,203,1
0,200,203,1
0,198,201,1
0,198,200,1
0,196,198,2
0,195,197,1
0,194,196,1
0,193,196,1
0,192,195,1
0,191,195,1
0,190,194,1
0,189,194,1
0,188,193,1
0,187,193,1
0,187,192,1
0,186,191,1
0,185,190,1
0,184,188,2
0,183,186,1
0,182,185,1
0,182,183,1
0,181,181,1
0,180,179,1
0,178,177,1
0,177,175,1
0,175,173,1
0,175,171,1
0,174,169,1
0,173,167,1
0,172,165,1
0,171,163,1
0,170,161,1
0,169,160,1
0,168,157,1
0,167,155,1
0,166,153,1
0,165,151,1
0,164,150,1
0,163,148,1
0,162,146,1
0,162,144,1
0,161,141,1
0,160,140,1
0,159,138,1
0,158,136,1
0,157,134,1
0,156,132,1
0,155,130,1
0,154,128,1
0,152,126,1
0,151,124,1
0,151,122,1
0,150,120,1
0,149,118,1
0,148,117,1
0,147,114,1
0,146,113,1
0,146,111,1
0,144,109,1
0,143,107,1
0,142,106,1
0,142,104,1
0,143,103,1
0,145,102,1
0,146,101,2
0,146,100,1
0,146,99,1
0,147,97,1
0,147,96,1
0,148,95,1
0,149,94,1
0,149,92,1
0,150,92,1
0,150,91,1
0,150,89,1
0,150,88,1
0,151,87,1
0,152,86,1
0,152,85,1
0,153,84,1
0,153,83,1
0,154,82,1
0,154,81,1
0,155,80,1
0,155,79,1
0,156,77,1
0,157,76,1
0,158,75,1
0,158,73,1
0,159,72,1
0,159,71,1
0,159,70,2
0,160,69,1
0,161,68,1
0,161,67,1
0,162,66,1
0,162,64,1
0,163,63,1
0,163,62,1
0,164,61,1
0,164,60,1
0,165,60,1
0,166,59,1
0,167,59,1
0,169,59,1
0,170,58,1
0,171,58,1
0,172,58,1
0,173,58,1
0,174,57,1
0,175,56,1
0,176,56,1
0,177,55,1
0,179,54,1
0,180,54,1
0,181,54,1
0,182,54,1
0,183,53,1
0,184,53,1
0,185,52,1
0,186,51,1
0,187,51,1
0,188,50,1
0,189,50,1
0,190,50,1
0,192,49,1
0,193,49,1
0,194,49,1
0,195,48,1
0,196,48,1
0,197,48,1
0,197,47,1
0,199,47,1
0,200,46,1
0,201,46,1
0,203,46,1
0,204,45,1
0,205,45,1
0,206,45,1
0,207,44,1
0,208,44,1
0,209,44,1
0,209,43,1
0,210,43,1
0,212,42,1
0,213,42,1
0,215,40,1
0,216,39,1
0,217,38,1
0,218,37,2
0,219,36,1
0,220,35,1
0,221,35,1
0,222,34,1
0,224,33,1
0,225,33,1
0,226,32,1
0,227,31,2
0,228,30,1
0,229,29,1
0,230,28,1
0,232,26,1
0,233,26,1
0,234,25,1
0,235,24,1
0,236,24,1
0,237,23,1
0,238,22,1
0,239,22,1
0,240,21,1
0,241,20,1
0,242,19,1
0,243,19,1
0,244,19,1
0,244,18,1
0,246,18,1
0,247,17,1
0,248,15,1
0,250,14,1
0,251,14,1
0,252,13,1
0,253,12,1
0,253,11,1
0,254,11,1
1,255,11,1
2,255,12,1
3,255,13,1
4,255,14,1
4,255,15,1
5,255,15,1
6,255,15,1
7,255,16,1
9,255,17,1
10,255,18,1
11,255,19,1
12,255,20,2
13,255,21,1
14,255,22,1
15,255,22,1
16,255,23,1
17,255,23,1
18,255,24,1
19,255,24,1
20,255,25,1
21,255,26,1
22,255,26,1
23,255,27,1
24,255,28,1
25,255,29,2
26,255,30,1
27,255,31,1
29,255,31,1
30,255,32,1
31,255,33,2
32,255,34,1
33,255,35,1
33,255,36,1
35,255,36,1
35,255,37,1
36,255,37,1
38,255,38,2
40,255,39,1
45,255,39,1
50,255,39,1
56,255,39,1
62,255,39,1
67,255,38,1
74,255,38,1
80,255,38,1
85,255,38,1
92,255,38,1
97,255,37,1
101,255,37,1
108,255,37,1
113,255,37,1
118,255,37,1
125,255,37,1
130,255,37,1
136,255,37,1
142,255,37,1
147,255,36,1
153,255,36,1
159,255,36,1
164,255,36,1
171,255,36,1
176,255,36,1
181,255,35,1
188,255,35,1
192,255,35,1
197,255,35,1
204,255,35,1
209,255,35,1
215,255,35,1
222,255,35,1
226,255,34,1
232,255,34,1
239,255,34,1
244,255,34,1
250,255,34,1
253,255,34,1
254,255,33,1
255,255,33,4
255,255,32,1
255,255,31,1
255,255,29,1
255,255,28,1
255,255,27,2
255,255,26,1
255,255,25,1
255,255,24,2
255,255,23,1
255,255,22,1
255,255,21,2
255,255,20,1
255,255,19,2
255,255,18,1
255,255,17,1
255,255,16,1
255,255,15,1
255,255,14,2
255,255,13,1
255,255,12,1
255,255,11,2
255,255,10,1
255,255,9,1
255,255,8,2
255,255,7,1
255,255,6,1
255,255,5,1
255,255,4,1
255,255,3,1
255,254,3,1
255,254,2,1
255,253,1,1
255,253,0,1
255,251,0,2
255,249,0,1
255,248,0,1
255,247,0,1
255,246,0,1
255,245,0,1
255,244,0,1
255,243,0,1
255,242,0,1
255,241,0,1
255,240,0,1
255,239,0,1
255,238,0,1
255,236,0,1
255,235,0,1
255,234,0,1
255,232,0,2
255,230,0,1
255,135,0,1
255,129,0,1
255,119,0,1
255,115,0,1
255,91,0,1
255,89,0,1
255,87,0,1
255,84,0,1
255,82,0,1
255,79,0,1
255,78,0,1
255,76,0,1
255,74,0,1
255,72,0,1
255,70,0,1
255,68,0,1
255,67,0,1
255,64,0,1
255,62,0,1
255,60,0,1
255,57,0,1
255,55,0,1
255,54,0,1
255,51,0,1
255,50,0,1
255,48,0,1
255,45,0,1
255,44,0,1
255,42,0,1
255,39,0,1
255,37,0,1
255,35,0,1
255,33,0,1
255,31,0,1
255,29,0,1
255,27,0,1
255,25,0,1
255,23,0,1
255,21,0,1
255,20,0,1
255,18,1,1
255,16,1,1
255,15,3,1
255,14,4,1
255,14,6,1
255,14,7,1
255,14,9,1
255,13,10,1
254,13,12,1
253,13,13,1
252,12,14,1
250,12,16,1
248,11,18,1
247,11,19,1
245,11,21,1
244,10,22,1
242,10,24,1
241,10,25,1
240,9,26,1
239,9,28,1
237,9,30,1
236,8,32,1
233,8,33,1
232,8,34,1
231,7,35,1
229,7,37,1
229,6,38,1
228,5,40,1
226,5,42,1
224,4,43,1
222,4,45,1
221,4,46,1
219,3,47,1
218,3,49,1
217,3,51,1
216,2,52,1
215,2,54,1
213,2,56,1
211,1,57,1
209,1,59,1
207,0,59,1
206,0,61,1
206,0,64,1
206,0,66,1
208,0,70,1
209,0,76,1
210,0,81,1
212,0,87,1
214,0,92,1
216,0,96,1
218,0,102,1
220,0,107,1
221,0,111,1
223,0,117,1
225,0,121,1
227,0,126,1
229,0,132,1
230,0,137,1
231,0,143,1
234,0,149,1
235,0,153,1
238,0,158,1
239,0,164,1
240,0,168,1
242,0,173,1
244,0,179,1
246,0,182,1
249,0,189,1
250,0,194,1
251,0,198,1
253,0,205,1
254,0,209,1
255,0,213,1
255,0,220,1
255,0,224,1
255,0,229,1
255,0,235,1
255,0,239,1
255,0,244,1
255,0,249,1
255,0,253,1
